Ref,Val,Package,PosX,PosY,Rot,Side
"C1","10uF 6.3V X5R","C_0402_1005Metric",0.000000,-2.170000,180.000000,bottom
"C4","1uF 6.3V","C_0201_0603Metric",-1.000000,-0.850000,90.000000,bottom
"C5","1uF 6.3V","C_0201_0603Metric",1.000000,-0.850000,90.000000,bottom
"C6","100nF","C_0201_0603Metric",4.500000,3.300000,90.000000,bottom
"C7","100nF","C_0201_0603Metric",-3.000000,2.500000,180.000000,bottom
"C11","100nF","C_0201_0603Metric",-2.700000,3.800000,180.000000,bottom
"C12","1uF 6.3V","C_0201_0603Metric",2.700000,4.900000,180.000000,bottom
"C13","1uF 25V X7R","C_0402_1005Metric",-4.700000,-2.750000,180.000000,bottom
"C14","1uF 6.3V","C_0201_0603Metric",4.600000,-3.500000,90.000000,bottom
"J1","12V","CablePad_D1.2",-4.400000,-3.850000,180.000000,bottom
"J2","GND","CablePad_D1.2",0.000000,-5.850000,180.000000,bottom
"J3","TXP","CablePad_D1.2",5.600000,-1.300000,180.000000,bottom
"J4","TXN","CablePad_D1.2",5.700000,1.000000,180.000000,bottom
"J5","RXP","CablePad_D1.2",-5.600000,-1.300000,180.000000,bottom
"J6","RXN","CablePad_D1.2",-5.700000,1.000000,180.000000,bottom
"J7","SWDIO","CablePad_D0.8",2.600000,2.600000,180.000000,bottom
"J8","SWCLK","CablePad_D0.8",3.700000,2.600000,180.000000,bottom
"J9","NRST","CablePad_D0.8",-4.700000,2.600000,180.000000,bottom
"R1","4.7k","R_0201_0603Metric",-1.000000,0.650000,90.000000,bottom
"R2","4.7k","R_0201_0603Metric",1.000000,0.650000,90.000000,bottom
"U2","STM32C011F6U6","ST_UFQFPN-20_3x3mm_P0.5mm",0.000000,4.000000,0.000000,bottom
"U3","SN65LVDS1DBVR","SOT-23-5",3.300000,-0.100000,-90.000000,bottom
"U4","MCP1703A-5002E/MC","DFN-8-1EP_2x3mm_P0.5mm_EP0.61x2.2mm",-1.850000,-4.370000,90.000000,bottom
"U5","MCP1703A-3302E/MC","DFN-8-1EP_2x3mm_P0.5mm_EP0.61x2.2mm",1.850000,-4.370000,90.000000,bottom
"U6","SN65LVDT2DBVR","SOT-23-5",-3.300000,-0.100000,90.000000,bottom
"U1","MAXM86161EFD+","MAXM86161_OLGA-14",0.000000,0.000000,0.000000,top
