Ref,Value,Footprint,Side,X_mm (right),Y_mm (down),Rotation_deg (KiCad)
C1,10uF 6.3V X5R,Capacitor_SMD:C_0402_1005Metric,Bottom(B),0.000000,2.170000,180.000000
C4,1uF 6.3V,Capacitor_SMD:C_0201_0603Metric,Bottom(B),-1.000000,0.850000,90.000000
C5,1uF 6.3V,Capacitor_SMD:C_0201_0603Metric,Bottom(B),1.000000,0.850000,90.000000
C6,100nF,Capacitor_SMD:C_0201_0603Metric,Bottom(B),4.500000,-3.300000,90.000000
C7,100nF,Capacitor_SMD:C_0201_0603Metric,Bottom(B),-3.000000,-2.500000,180.000000
C11,100nF,Capacitor_SMD:C_0201_0603Metric,Bottom(B),-2.700000,-3.800000,180.000000
C12,1uF 6.3V,Capacitor_SMD:C_0201_0603Metric,Bottom(B),2.700000,-4.900000,180.000000
C13,1uF 25V X7R,Capacitor_SMD:C_0402_1005Metric,Bottom(B),-4.700000,2.750000,180.000000
C14,1uF 6.3V,Capacitor_SMD:C_0201_0603Metric,Bottom(B),4.600000,3.500000,90.000000
D1,SPHV15-01ETG,SleepBud:TVS_SOD882_1x0.6,Top(F),-3.950000,4.150000,0.000000
D2,ESD351DPYR,SleepBud:TI_DPY0002A_1x0.6,Top(F),4.850000,0.450000,90.000000
D3,ESD351DPYR,SleepBud:TI_DPY0002A_1x0.6,Top(F),5.150000,-1.650000,0.000000
D4,ESD351DPYR,SleepBud:TI_DPY0002A_1x0.6,Top(F),-4.850000,0.450000,90.000000
D5,ESD351DPYR,SleepBud:TI_DPY0002A_1x0.6,Top(F),-5.150000,-1.650000,180.000000
D6,ESD351DPYR,SleepBud:TI_DPY0002A_1x0.6,Top(F),2.600000,-2.050000,-90.000000
D7,ESD351DPYR,SleepBud:TI_DPY0002A_1x0.6,Top(F),4.350000,-3.100000,90.000000
D8,ESD351DPYR,SleepBud:TI_DPY0002A_1x0.6,Top(F),-4.400000,-3.100000,90.000000
FB1,BLM15PX601SN1D,Inductor_SMD:L_0402_1005Metric,Top(F),-1.300000,3.900000,0.000000
R1,4.7k,Resistor_SMD:R_0201_0603Metric,Bottom(B),-1.000000,-0.650000,90.000000
R2,4.7k,Resistor_SMD:R_0201_0603Metric,Bottom(B),1.000000,-0.650000,90.000000
U1,MAXM86161EFD+,SleepBud:MAXM86161_OLGA-14,Top(F),0.000000,0.000000,0.000000
U2,STM32C011F6U6,Package_DFN_QFN:ST_UFQFPN-20_3x3mm_P0.5mm,Bottom(B),0.000000,-4.000000,0.000000
U3,SN65LVDS1DBVR,Package_TO_SOT_SMD:SOT-23-5,Bottom(B),3.300000,0.100000,-90.000000
U4,MCP1703A-5002E/MC,Package_DFN_QFN:DFN-8-1EP_2x3mm_P0.5mm_EP0.61x2.2mm,Bottom(B),-1.850000,4.370000,90.000000
U5,MCP1703A-3302E/MC,Package_DFN_QFN:DFN-8-1EP_2x3mm_P0.5mm_EP0.61x2.2mm,Bottom(B),1.850000,4.370000,90.000000
U6,SN65LVDT2DBVR,Package_TO_SOT_SMD:SOT-23-5,Bottom(B),-3.300000,0.100000,90.000000
